{"cameraMode":{"drawMode":0,"name":"Shaded","section":"Shading Mode"},"sceneLighting":true,"audioPlay":false,"sceneViewState":{"showFog":true,"showMaterialUpdate":false,"showSkybox":true,"showFlares":true,"showImageEffects":true,"showParticleSystems":true},"in2DMode":false,"pivot":{"x":5.094182014465332,"y":-1.5036134719848633,"z":9.580648422241211},"rotation":{"x":-0.1362006962299347,"y":-0.051394667476415637,"z":0.007075505796819925,"w":-0.9893219470977783},"size":17.67279815673828,"orthographic":false}